-- 1. Membership types
INSERT INTO Membership (MembershipType, BorrowingLimit, LateFee) VALUES
  ('Basic',   2, 0.50),
  ('Premium', 5, 0.25),
  ('VIP',    10, 0.00);

-- 2. Clients
INSERT INTO Client (ClientID, Email, Name, AccountStatus, MembershipType) VALUES
  ('c11111111-1111-1111-1111-111111111111','alice@example.com','Alice Smith','Active','Basic'),
  ('c22222222-2222-2222-2222-222222222222','bob@example.com','Bob Jones','Suspended','Premium'),
  ('c33333333-3333-3333-3333-333333333333','carol@example.com','Carol White','Active','VIP'),
  ('c44444444-4444-4444-4444-444444444444','dave@example.com','Dave Brown','Inactive','Basic'),
  ('c55555555-5555-5555-5555-555555555555','eve@example.com','Eve Black','Active','Premium');

-- 3. Items (supertype)
INSERT INTO Item (ItemID) VALUES
  ('i11111111-1111-1111-1111-111111111111'),
  ('i22222222-2222-2222-2222-222222222222'),
  ('i33333333-3333-3333-3333-333333333333'),
  ('i44444444-4444-4444-4444-444444444444'),
  ('i55555555-5555-5555-5555-555555555555'),
  ('i66666666-6666-6666-6666-666666666666');

-- 4. Books
INSERT INTO Book (ItemID, Genre, ISBN, PublicationDate, Title, CopiesAvailable) VALUES
  ('i11111111-1111-1111-1111-111111111111','Fiction','9780143127550','2020-05-15','The Great Novel',3),
  ('i22222222-2222-2222-2222-222222222222','Technology','9780262033848','2018-09-01','Algorithms Unlocked',2);

-- 5. Digital Media
INSERT INTO DigitalMedia (ItemID, MediaID, Format, PublicationDate, Title, CopiesAvailable) VALUES
  ('i33333333-3333-3333-3333-333333333333','m33333333-3333-3333-3333-333333333333','PDF','2021-01-20','E‑Book of Poems',5),
  ('i44444444-4444-4444-4444-444444444444','m44444444-4444-4444-4444-444444444444','MP3','2019-07-10','Audio Learning',4);

-- 6. Magazines
INSERT INTO Magazine (ItemID, MagazineID, IssueNumber, PublicationDate, Title, CopiesAvailable) VALUES
  ('i55555555-5555-5555-5555-555555555555','mag55555-5555-5555-5555-555555555555','2021-07','2021-07-01','Tech Monthly',10),
  ('i66666666-6666-6666-6666-666666666666','mag66666-6666-6666-6666-666666666666','2021-08','2021-08-01','Health Weekly',8);

-- 7. Authors
INSERT INTO Author (AuthorID, Name) VALUES
  ('a11111111-1111-1111-1111-111111111111','J.K. Rowling'),
  ('a22222222-2222-2222-2222-222222222222','Donald Knuth'),
  ('a33333333-3333-3333-3333-333333333333','Maya Angelou'),
  ('a44444444-4444-4444-4444-444444444444','Neil deGrasse Tyson');

-- 8. Publishers
INSERT INTO Publisher (PublisherID, Name) VALUES
  ('p11111111-1111-1111-1111-111111111111','Penguin Random House'),
  ('p22222222-2222-2222-2222-222222222222','O\'Reilly Media'),
  ('p33333333-3333-3333-3333-333333333333','Acme Publishing');

-- 9. Creates (author–item links)
INSERT INTO Creates (ItemID, AuthorID) VALUES
  ('i11111111-1111-1111-1111-111111111111','a11111111-1111-1111-1111-111111111111'),
  ('i22222222-2222-2222-2222-222222222222','a22222222-2222-2222-2222-222222222222'),
  ('i33333333-3333-3333-3333-333333333333','a33333333-3333-3333-3333-333333333333'),
  ('i44444444-4444-4444-4444-444444444444','a44444444-4444-4444-4444-444444444444'),
  ('i55555555-5555-5555-5555-555555555555','a44444444-4444-4444-4444-444444444444');

-- 10. Publishes (publisher–item links)
INSERT INTO Publishes (ItemID, PublisherID) VALUES
  ('i11111111-1111-1111-1111-111111111111','p11111111-1111-1111-1111-111111111111'),
  ('i22222222-2222-2222-2222-222222222222','p22222222-2222-2222-2222-222222222222'),
  ('i33333333-3333-3333-3333-333333333333','p11111111-1111-1111-1111-111111111111'),
  ('i44444444-4444-4444-4444-444444444444','p22222222-2222-2222-2222-222222222222'),
  ('i55555555-5555-5555-5555-555555555555','p11111111-1111-1111-1111-111111111111'),
  ('i66666666-6666-6666-6666-666666666666','p33333333-3333-3333-3333-333333333333');

-- 11. Notifications
INSERT INTO Notification (NotificationID, SendDate, Message, ClientID) VALUES
  ('n11111111-1111-1111-1111-111111111111','2021-07-05','Your book is overdue. Please return ASAP.','c11111111-1111-1111-1111-111111111111'),
  ('n22222222-2222-2222-2222-222222222222','2021-07-10','New issue of Tech Monthly is available.','c33333333-3333-3333-3333-333333333333'),
  ('n33333333-3333-3333-3333-333333333333','2021-08-01','Your reservation has been fulfilled.','c55555555-5555-5555-5555-555555555555');

-- 12. Transactions
INSERT INTO `Transaction` (TransactionID, ItemID, ClientID, LateFee, DueDate, CheckoutDate, ReturnDate) VALUES
  ('t11111111-1111-1111-1111-111111111111','i11111111-1111-1111-1111-111111111111','c11111111-1111-1111-1111-111111111111',1.00,'2021-07-01','2021-06-15','2021-07-02'),
  ('t22222222-2222-2222-2222-222222222222','i33333333-3333-3333-3333-333333333333','c22222222-2222-2222-2222-222222222222',0.00,'2021-07-15','2021-07-01',NULL),
  ('t33333333-3333-3333-3333-333333333333','i44444444-4444-4444-4444-444444444444','c33333333-3333-3333-3333-333333333333',0.00,'2021-08-01','2021-07-20','2021-07-30'),
  ('t44444444-4444-4444-4444-444444444444','i22222222-2222-2222-2222-222222222222','c55555555-5555-5555-5555-555555555555',0.00,'2021-09-01','2021-08-15',NULL);

-- 13. Reservations
INSERT INTO Reservation (ReservationID, Status, ReservationDate, ItemID, ClientID) VALUES
  ('r11111111-1111-1111-1111-111111111111','Pending','2021-07-10','i22222222-2222-2222-2222-222222222222','c44444444-4444-4444-4444-444444444444'),
  ('r22222222-2222-2222-2222-222222222222','Fulfilled','2021-07-12','i55555555-5555-5555-5555-555555555555','c33333333-3333-3333-3333-333333333333'),
  ('r33333333-3333-3333-3333-333333333333','Cancelled','2021-07-15','i66666666-6666-6666-6666-666666666666','c11111111-1111-1111-1111-111111111111');