-- ✂— RESET EVERYTHING —✂
SET @OLD_FK = @@FOREIGN_KEY_CHECKS;
SET FOREIGN_KEY_CHECKS = 0;

TRUNCATE TABLE Reservation;
TRUNCATE TABLE `Transaction`;
TRUNCATE TABLE Notification;
TRUNCATE TABLE Publishes;
TRUNCATE TABLE Creates;
TRUNCATE TABLE Publisher;
TRUNCATE TABLE Author;
TRUNCATE TABLE Magazine;
TRUNCATE TABLE DigitalMedia;
TRUNCATE TABLE Book;
TRUNCATE TABLE Item;
TRUNCATE TABLE Client;
TRUNCATE TABLE Membership;

-- ✂— NOW YOUR NORMAL INSERTS —✂

-- 1. Membership types
-- Need a basic, premium, and VIP tier
INSERT INTO Membership (MembershipType, BorrowingLimit, LateFee) VALUES
  ('Basic',   2, 0.50),
  ('Premium', 5, 0.25),
  ('VIP',    10, 0.00);

-- 2. Clients
-- Need 50 client records
INSERT INTO Client (ClientID, Email, Name, AccountStatus, MembershipType) VALUES
  ('c11111111-1111-1111-1111-111111111111','alice@example.com','Alice Smith','Active','Basic'),
  ('c22222222-2222-2222-2222-222222222222','bob@example.com','Bob Jones','Suspended','Premium'),
  ('c33333333-3333-3333-3333-333333333333','carol@example.com','Carol White','Active','VIP'),
  ('c44444444-4444-4444-4444-444444444444','dave@example.com','Dave Brown','Inactive','Basic'),
  ('c55555555-5555-5555-5555-555555555555','eve@example.com','Eve Black','Active','Premium'),
  ('c66666666-6666-6666-6666-666666666666','frank@example.com','Frank Green','Active','Basic'),
  ('c77777777-7777-7777-7777-777777777777','grace@example.com','Grace Hall','Active','Premium'),
  ('c88888888-8888-8888-8888-888888888888','heidi@example.com','Heidi Adams','Suspended','VIP'),
  ('c99999999-9999-9999-9999-999999999999','ivan@example.com','Ivan Scott','Active','Basic'),
  ('c10101010-1010-1010-1010-101010101010','judy@example.com','Judy Kelly','Inactive','Premium'),
  ('c11111112-1111-1111-1111-111111111111','karen@example.com','Karen Ford','Active','VIP'),
  ('c12121212-1212-1212-1212-121212121212','leo@example.com','Leo Perry','Active','Basic'),
  ('c13131313-1313-1313-1313-131313131313','mia@example.com','Mia Price','Active','Premium'),
  ('c14141414-1414-1414-1414-141414141414','nick@example.com','Nick Bell','Suspended','VIP'),
  ('c15151515-1515-1515-1515-151515151515','olivia@example.com','Olivia Ward','Active','Basic'),
  ('c16161616-1616-1616-1616-161616161616','paul@example.com','Paul Turner','Inactive','Premium'),
  ('c17171717-1717-1717-1717-171717171717','quinn@example.com','Quinn Murphy','Active','VIP'),
  ('c18181818-1818-1818-1818-181818181818','rachel@example.com','Rachel Cooper','Active','Basic'),
  ('c19191919-1919-1919-1919-191919191919','steve@example.com','Steve Foster','Active','Premium'),
  ('c20202020-2020-2020-2020-202020202020','tina@example.com','Tina Gray','Suspended','VIP'),
  ('c21212121-2121-2121-2121-212121212121','ursula@example.com','Ursula Ross','Active','Basic'),
  ('c22222222-2222-2222-2222-222222222223','victor@example.com','Victor Barnes','Active','Premium'),
  ('c23232323-2323-2323-2323-232323232323','wendy@example.com','Wendy Payne','Inactive','VIP'),
  ('c24242424-2424-2424-2424-242424242424','xander@example.com','Xander Knight','Active','Basic'),
  ('c25252525-2525-2525-2525-252525252525','yasmin@example.com','Yasmin Hayes','Active','Premium'),
  ('c26262626-2626-2626-2626-262626262626','zack@example.com','Zack Bishop','Suspended','VIP'),
  ('c27272727-2727-2727-2727-272727272727','abby@example.com','Abby Lane','Active','Basic'),
  ('c28282828-2828-2828-2828-282828282828','brad@example.com','Brad Holland','Active','Premium'),
  ('c29292929-2929-2929-2929-292929292929','claire@example.com','Claire Steele','Inactive','VIP'),
  ('c30303030-3030-3030-3030-303030303030','derek@example.com','Derek Gilbert','Active','Basic'),
  ('c31313131-3131-3131-3131-313131313131','ella@example.com','Ella Hunt','Active','Premium'),
  ('c32323232-3232-3232-3232-323232323232','fiona@example.com','Fiona Newman','Suspended','VIP'),
  ('c33333333-3333-3333-3333-333333333334','gabe@example.com','Gabe Knight','Active','Basic'),
  ('c34343434-3434-3434-3434-343434343434','hannah@example.com','Hannah Peters','Active','Premium'),
  ('c35353535-3535-3535-3535-353535353535','ian@example.com','Ian Watts','Inactive','VIP'),
  ('c36363636-3636-3636-3636-363636363636','jane@example.com','Jane Mason','Active','Basic'),
  ('c37373737-3737-3737-3737-373737373737','kevin@example.com','Kevin Barrett','Active','Premium'),
  ('c38383838-3838-3838-3838-383838383838','laura@example.com','Laura Doyle','Suspended','VIP'),
  ('c39393939-3939-3939-3939-393939393939','matt@example.com','Matt Sharp','Active','Basic'),
  ('c40404040-4040-4040-4040-404040404040','nina@example.com','Nina Ellis','Active','Premium'),
  ('c41414141-4141-4141-4141-414141414141','owen@example.com','Owen Gordon','Inactive','VIP'),
  ('c42424242-4242-4242-4242-424242424242','pam@example.com','Pam Franklin','Active','Basic'),
  ('c43434343-4343-4343-4343-434343434343','quincy@example.com','Quincy Rhodes','Active','Premium'),
  ('c96969696-9696-9696-9696-969696969696','rose@example.com','Rose Bryan','Suspended','VIP'),
  ('c45454545-4545-4545-4545-454545454545','sam@example.com','Sam Riley','Active','Basic'),
  ('c46464646-4646-4646-4646-464646464646','tara@example.com','Tara Armstrong','Active','Premium'),
  ('c47474747-4747-4747-4747-474747474747','ugo@example.com','Ugo Vaughn','Inactive','VIP'),
  ('c48484848-4848-4848-4848-484848484848','vicki@example.com','Vicki Holmes','Active','Basic'),
  ('c49494949-4949-4949-4949-494949494949','walt@example.com','Walt Newman','Active','Premium'),
  ('c50505050-5050-5050-5050-505050505050','zoe@example.com','Zoe Chandler','Suspended','VIP');

-- 3. Items (supertype)
INSERT INTO Item (ItemID) VALUES
  ('i0000000'),
  ('i0000001'),
  ('i0000010'),
  ('i0000011'),
  ('i0000100'),
  ('i0000101'),
  ('i0000110'),
  ('i0000111'),
  ('i0001000'),
  ('i0001001'),
  ('i0001010'),
  ('i0001011'),
  ('i0001100'),
  ('i0001101'),
  ('i0001110'),
  ('i0001111'),
  ('i0010000'),
  ('i0010001'),
  ('i0010010'),
  ('i0010011'),
  ('i0010100'),
  ('i0010101'),
  ('i0010110'),
  ('i0010111'),
  ('i0011000'),
  ('i0011001'),
  ('i0011010'),
  ('i0011011'),
  ('i0011100'),
  ('i0011101'),
  ('i0011110'),
  ('i0011111'),
  ('i0100000'),
  ('i0100001'),
  ('i0100010'),
  ('i0100011'),
  ('i0100100'),
  ('i0100101'),
  ('i0100110'),
  ('i0100111'),
  ('i0101000'),
  ('i0101001'),
  ('i0101010'),
  ('i0101011'),
  ('i0101100'),
  ('i0101101'),
  ('i0101110'),
  ('i0101111'),
  ('i0110000'),
  ('i0110001'),
  ('i0110010'),
  ('i0110011'),
  ('i0110100'),
  ('i0110101'),
  ('i0110110'),
  ('i0110111'),
  ('i0111000'),
  ('i0111001'),
  ('i0111010'),
  ('i0111011'),
  ('i11111111-1111-1111-1111-111111111111'),
  ('i33333333-3333-3333-3333-333333333333'),
  ('i44444444-4444-4444-4444-444444444444'),
  ('i55555555-5555-5555-5555-555555555555'),
  ('i66666666-6666-6666-6666-666666666666'),
  ('i77777777-7777-7777-7777-777777777777'),
  ('i88888888-8888-8888-8888-888888888888'),
  ('i99999999-9999-9999-9999-999999999999'),
  ('i10101010-1010-1010-1010-101010101010'),
  ('i11112222-3333-4444-5555-666677778888'),
  ('i12121212-1212-1212-1212-121212121212'),
  ('i13131313-1313-1313-1313-131313131313'),
  ('i14141414-1414-1414-1414-141414141414'),
  ('i15151515-1515-1515-1515-151515151515'),
  ('i16161616-1616-1616-1616-161616161616'),
  ('i17171717-1717-1717-1717-171717171717'),
  ('i18181818-1818-1818-1818-181818181818'),
  ('i19191919-1919-1919-1919-191919191919'),
  ('i20202020-2020-2020-2020-202020202020'),
  ('i21212121-2121-2121-2121-212121212121'),
  ('i22222222-2222-2222-2222-222222222222'),
  ('i23232323-2323-2323-2323-232323232323'),
  ('i24242424-2424-2424-2424-242424242424')
;

-- 4. Books
-- NEED 20 books
INSERT INTO Book (ItemID, Genre, ISBN, PublicationDate, Title, CopiesAvailable) VALUES
  ('i11111111-1111-1111-1111-111111111111','Fiction','9780143127550','2020-05-15','The Great Novel',3),
  ('i22222222-2222-2222-2222-222222222222','Technology','9780262033848','2018-09-01','Algorithms Unlocked',2),
  ('i33333333-3333-3333-3333-333333333333','Science','9780393356182','2019-02-12','Astrophysics for People in a Hurry',4),
  ('i44444444-4444-4444-4444-444444444444','History','9780670025121','2014-05-06','The Wright Brothers',3),
  ('i55555555-5555-5555-5555-555555555555','Fantasy','9780547928227','2012-09-18','The Hobbit',5),
  ('i66666666-6666-6666-6666-666666666666','Biography','9780812981605','2013-11-05','Steve Jobs',2),
  ('i77777777-7777-7777-7777-777777777777','Mystery','9780062073488','2011-06-21','Gone Girl',3),
  ('i88888888-8888-8888-8888-888888888888','Romance','9781501139239','2016-11-01','It Ends with Us',4),
  ('i99999999-9999-9999-9999-999999999999','Science Fiction','9780345404473','1999-01-26','Do Androids Dream of Electric Sheep?',2),
  ('i10101010-1010-1010-1010-101010101010','Self-Help','9780593419052','2021-04-06','Atomic Habits',6),
  ('i11112222-3333-4444-5555-666677778888','Technology','9780131103627','1988-03-22','The C Programming Language',3),
  ('i12121212-1212-1212-1212-121212121212','Philosophy','9780140449334','2005-01-25','Meditations',2),
  ('i13131313-1313-1313-1313-131313131313','Fantasy','9780618260300','2002-10-01','The Fellowship of the Ring',4),
  ('i14141414-1414-1414-1414-141414141414','Thriller','9780307588371','2010-04-20','The Girl with the Dragon Tattoo',3),
  ('i15151515-1515-1515-1515-151515151515','Travel','9781743216757','2015-07-01','Lonely Planet Europe',2),
  ('i16161616-1616-1616-1616-161616161616','Health','9781250213235','2019-12-31','The Body: A Guide for Occupants',3),
  ('i17171717-1717-1717-1717-171717171717','Psychology','9780393350296','2016-04-05','Thinking, Fast and Slow',2),
  ('i18181818-1818-1818-1818-181818181818','Cooking','9780399580314','2017-04-04','Salt, Fat, Acid, Heat',4),
  ('i19191919-1919-1919-1919-191919191919','Art','9780143134527','2018-10-16','The Story of Art',2),
  ('i20202020-2020-2020-2020-202020202020','Business','9780062316097','2014-04-08','Zero to One',3);

-- 5. Digital Media
-- Need 20 digital medias
INSERT INTO DigitalMedia (ItemID, MediaID, Format, PublicationDate, Title, CopiesAvailable) VALUES
  ('i33333333-3333-3333-3333-333333333333','m33333333-3333-3333-3333-333333333333','PDF','2021-01-20','E‑Book of Poems',5),
  ('i44444444-4444-4444-4444-444444444444','m44444444-4444-4444-4444-444444444444','MP3','2019-07-10','Audio Learning',4),
  ('i55555555-5555-5555-5555-555555555555','m55555555-5555-5555-5555-555555555555','MP4','2020-06-18','Digital Photography Basics',3),
  ('i66666666-6666-6666-6666-666666666666','m66666666-6666-6666-6666-666666666666','EPUB','2018-11-12','Modern Web Design',2),
  ('i77777777-7777-7777-7777-777777777777','m77777777-7777-7777-7777-777777777777','PDF','2017-04-25','Learn SQL the Easy Way',4),
  ('i88888888-8888-8888-8888-888888888888','m88888888-8888-8888-8888-888888888888','MP3','2022-01-15','Language Learning: Spanish',5),
  ('i99999999-9999-9999-9999-999999999999','m99999999-9999-9999-9999-999999999999','MP4','2023-03-09','Intro to Machine Learning',3),
  ('i10101010-1010-1010-1010-101010101010','m10101010-1010-1010-1010-101010101010','EPUB','2020-09-30','Personal Finance 101',4),
  ('i11111111-1111-1111-1111-111111111111','m11111111-1111-1111-1111-111111111111','PDF','2015-05-05','Digital Marketing Guide',2),
  ('i12121212-1212-1212-1212-121212121212','m12121212-1212-1212-1212-121212121212','MP3','2016-10-22','Motivational Speeches Collection',6),
  ('i13131313-1313-1313-1313-131313131313','m13131313-1313-1313-1313-131313131313','MP4','2021-06-17','Yoga for Beginners',3),
  ('i14141414-1414-1414-1414-141414141414','m14141414-1414-1414-1414-141414141414','EPUB','2019-08-13','Creative Writing Toolkit',4),
  ('i15151515-1515-1515-1515-151515151515','m15151515-1515-1515-1515-151515151515','PDF','2018-12-01','History of Ancient Civilizations',2),
  ('i16161616-1616-1616-1616-161616161616','m16161616-1616-1616-1616-161616161616','MP3','2022-05-20','Classic Novels Audiobook Set',5),
  ('i17171717-1717-1717-1717-171717171717','m17171717-1717-1717-1717-171717171717','MP4','2020-02-11','Documentary: Ocean Life',3),
  ('i18181818-1818-1818-1818-181818181818','m18181818-1818-1818-1818-181818181818','EPUB','2017-07-27','Philosophy for Beginners',4),
  ('i19191919-1919-1919-1919-191919191919','m19191919-1919-1919-1919-191919191919','PDF','2016-03-16','Intro to Statistics',2),
  ('i20202020-2020-2020-2020-202020202020','m20202020-2020-2020-2020-202020202020','MP3','2019-09-09','Music Theory Basics',3),
  ('i21212121-2121-2121-2121-212121212121','m21212121-2121-2121-2121-212121212121','MP4','2023-01-03','Intro to Programming Videos',4),
  ('i22222222-2222-2222-2222-222222222222','m22222222-2222-2222-2222-222222222222','EPUB','2022-06-29','Graphic Design Principles',3);

-- 6. Magazines
-- NEED 20 Magazines
INSERT INTO Magazine (ItemID, MagazineID, IssueNumber, PublicationDate, Title, CopiesAvailable) VALUES
  ('i55555555-5555-5555-5555-555555555555','mag55555-5555-5555-5555-555555555555','2021-07','2021-07-01','Tech Monthly',10),
  ('i66666666-6666-6666-6666-666666666666','mag66666-6666-6666-6666-666666666666','2021-08','2021-08-01','Health Weekly',8),
  ('i77777777-7777-7777-7777-777777777777','mag77777-7777-7777-7777-777777777777','2021-09','2021-09-01','Science Daily',6),
  ('i88888888-8888-8888-8888-888888888888','mag88888-8888-8888-8888-888888888888','2021-10','2021-10-01','History Review',5),
  ('i99999999-9999-9999-9999-999999999999','mag99999-9999-9999-9999-999999999999','2021-11','2021-11-01','Travel Explorer',4),
  ('i10101010-1010-1010-1010-101010101010','mag10101-1010-1010-1010-101010101010','2021-12','2021-12-01','Food & Wine',6),
  ('i11111111-1111-1111-1111-111111111111','mag11111-1111-1111-1111-111111111111','2022-01','2022-01-01','Art Now',7),
  ('i12121212-1212-1212-1212-121212121212','mag12121-1212-1212-1212-121212121212','2022-02','2022-02-01','Economy Insight',5),
  ('i13131313-1313-1313-1313-131313131313','mag13131-1313-1313-1313-131313131313','2022-03','2022-03-01','Nature World',6),
  ('i14141414-1414-1414-1414-141414141414','mag14141-1414-1414-1414-141414141414','2022-04','2022-04-01','The Innovator',4),
  ('i15151515-1515-1515-1515-151515151515','mag15151-1515-1515-1515-151515151515','2022-05','2022-05-01','Global Politics',3),
  ('i16161616-1616-1616-1616-161616161616','mag16161-1616-1616-1616-161616161616','2022-06','2022-06-01','Gardening Today',5),
  ('i17171717-1717-1717-1717-171717171717','mag17171-1717-1717-1717-171717171717','2022-07','2022-07-01','Fitness Pro',6),
  ('i18181818-1818-1818-1818-181818181818','mag18181-1818-1818-1818-181818181818','2022-08','2022-08-01','Education Digest',4),
  ('i19191919-1919-1919-1919-191919191919','mag19191-1919-1919-1919-191919191919','2022-09','2022-09-01','Parenting Weekly',7),
  ('i20202020-2020-2020-2020-202020202020','mag20202-2020-2020-2020-202020202020','2022-10','2022-10-01','Business Journal',3),
  ('i21212121-2121-2121-2121-212121212121','mag21212-2121-2121-2121-212121212121','2022-11','2022-11-01','Tech Monthly',6),
  ('i22222222-2222-2222-2222-222222222222','mag22222-2222-2222-2222-222222222222','2022-12','2022-12-01','Creative Living',4),
  ('i23232323-2323-2323-2323-232323232323','mag23232-2323-2323-2323-232323232323','2023-01','2023-01-01','World Affairs',5),
  ('i24242424-2424-2424-2424-242424242424','mag24242-2424-2424-2424-242424242424','2023-02','2023-02-01','Music Scene',4);

-- 7. Authors
INSERT INTO Author (AuthorID, Name) VALUES
  ('a11111111-1111-1111-1111-111111111111','J.K. Rowling'),
  ('a22222222-2222-2222-2222-222222222222','Donald Knuth'),
  ('a33333333-3333-3333-3333-333333333333','Maya Angelou'),
  ('a44444444-4444-4444-4444-444444444444','Neil deGrasse Tyson');

-- 8. Publishers
INSERT INTO Publisher (PublisherID, Name) VALUES
  ('p11111111-1111-1111-1111-111111111111','Penguin Random House'),
  ('p22222222-2222-2222-2222-222222222222','O\Reilly Media'),
  ('p33333333-3333-3333-3333-333333333333','Acme Publishing');

-- 9. Creates (author–item links)
INSERT INTO Creates (ItemID, AuthorID) VALUES
  ('i11111111-1111-1111-1111-111111111111','a11111111-1111-1111-1111-111111111111'),
  ('i22222222-2222-2222-2222-222222222222','a22222222-2222-2222-2222-222222222222'),
  ('i33333333-3333-3333-3333-333333333333','a33333333-3333-3333-3333-333333333333'),
  ('i44444444-4444-4444-4444-444444444444','a44444444-4444-4444-4444-444444444444'),
  ('i55555555-5555-5555-5555-555555555555','a44444444-4444-4444-4444-444444444444');

-- 10. Publishes (publisher–item links)
INSERT INTO Publishes (ItemID, PublisherID) VALUES
  ('i11111111-1111-1111-1111-111111111111','p11111111-1111-1111-1111-111111111111'),
  ('i22222222-2222-2222-2222-222222222222','p22222222-2222-2222-2222-222222222222'),
  ('i33333333-3333-3333-3333-333333333333','p11111111-1111-1111-1111-111111111111'),
  ('i44444444-4444-4444-4444-444444444444','p22222222-2222-2222-2222-222222222222'),
  ('i55555555-5555-5555-5555-555555555555','p11111111-1111-1111-1111-111111111111'),
  ('i66666666-6666-6666-6666-666666666666','p33333333-3333-3333-3333-333333333333');

-- 11. Notifications
INSERT INTO Notification (NotificationID, SendDate, Message, ClientID) VALUES
  ('n11111111-1111-1111-1111-111111111111','2021-07-05','Your book is overdue. Please return ASAP.','c11111111-1111-1111-1111-111111111111'),
  ('n22222222-2222-2222-2222-222222222222','2021-07-10','New issue of Tech Monthly is available.','c33333333-3333-3333-3333-333333333333'),
  ('n33333333-3333-3333-3333-333333333333','2021-08-01','Your reservation has been fulfilled.','c55555555-5555-5555-5555-555555555555');

-- 12. Transactions
INSERT INTO `Transaction` (TransactionID, ItemID, ClientID, LateFee, DueDate, CheckoutDate, ReturnDate) VALUES
  ('t11111111-1111-1111-1111-111111111111','i11111111-1111-1111-1111-111111111111','c11111111-1111-1111-1111-111111111111',1.00,'2021-07-01','2021-06-15','2021-07-02'),
  ('t22222222-2222-2222-2222-222222222222','i33333333-3333-3333-3333-333333333333','c22222222-2222-2222-2222-222222222222',0.00,'2021-07-15','2021-07-01',NULL),
  ('t33333333-3333-3333-3333-333333333333','i44444444-4444-4444-4444-444444444444','c33333333-3333-3333-3333-333333333333',0.00,'2021-08-01','2021-07-20','2021-07-30'),
  ('t44444444-4444-4444-4444-444444444444','i22222222-2222-2222-2222-222222222222','c55555555-5555-5555-5555-555555555555',0.00,'2021-09-01','2021-08-15',NULL);

-- 13. Reservations
INSERT INTO Reservation (ReservationID, Status, ReservationDate, ItemID, ClientID) VALUES
  ('r11111111-1111-1111-1111-111111111111','Pending','2021-07-10','i22222222-2222-2222-2222-222222222222','c44444444-4444-4444-4444-444444444444'),
  ('r22222222-2222-2222-2222-222222222222','Fulfilled','2021-07-12','i55555555-5555-5555-5555-555555555555','c33333333-3333-3333-3333-333333333333'),
  ('r33333333-3333-3333-3333-333333333333','Cancelled','2021-07-15','i66666666-6666-6666-6666-666666666666','c11111111-1111-1111-1111-111111111111');

-- FINALLY re-enable your FKs
SET FOREIGN_KEY_CHECKS = @OLD_FK;
